filename,format
Fruity McCutie Juicy IPA All Grain Recipe Sheet.pdf,sheet
Haze Austin Juicy NEIPA All Grain Recipe Sheet.pdf,sheet
Lake Buchana IPA All Grain Recipe Sheet.pdf,sheet
Nearly Nirvana All Grain Recipe Instructions.pdf,sheet
Pacific Coast Juicy IPA All Grain Recipe Instructions.pdf,sheet
Rooftop Sunbathing NEIPA All Grain Recipe Instructions.pdf,sheet
SandyPupJuicyIPA_AllGrain.pdf,sheet
Seaside Ride All Grain Recipe Instructions.pdf,sheet
SoCo Berliner Weisse Advanced All Grain Recipe Sheet.pdf,sheet
SoCo Citra Amarillo NEIPA All Grain Recipe Instructions.pdf,sheet
SoCo Citra Juicy NEIPA All Grain Recipe Instructions.pdf,sheet
SoCo Gose Kettle Sour All Grain Recipe Sheet.pdf,sheet
SoCo IPA IPA Double IPA All Grain Recipe Sheet.pdf,sheet
SoCo Milkshake IPA All Grain Recipe Instructions (1).pdf,sheet
SoCo Sabro IPA All Grain Recipe Sheet.pdf,sheet
SoCo South Lamar IPA All Grain Recipe Instructions.pdf,sheet
SoCo Texas Juicy IPA All Grain Recipe Sheet.pdf,sheet
SoCo Town Lake IPA All Grain Recipe Instructions.pdf,sheet
SoCo Whole Lotta Citrus NEIPA All Grain Recipe Instructions.pdf,sheet
SoCo Yellow Bells Juicy NEIPA All Grain Recipe Instructions.pdf,sheet