id,recipe_name,pdf_filename
1,22nd State Amber Ale,22nd State Amber Ale All Grain Recipe Instructions.pdf
2,A To CTZ IPA,A to CTZ IPA All Grain Recipe Instructions.pdf
4,Amberlievable Amber Ale,Amberlievable Amber Ale All Grain Recipe Instructions.pdf
5,Apollo Single Hop Pale Ale,Apollo Single Hop Pale Ale All Grain Recipe Instructions.pdf
6,Appalled Apollo IPA,Appalled Apollo IPA All Grain Recipe Instructions.pdf
7,Azacca Pale Ale,Azacca Pale Ale All Grain Recipe Instructions.pdf
8,SoCo Beans The Elf Christmas Ale,Beans The Elf Christmas Ale All Grain Recipe Instructions.pdf
9,SoCo Biscuits and Jam ESB,Biscuits and Jam ESB All Grain Recipe Instructions.pdf
11,Bitter Texan IPA,Bitter Texan IPA All Grain Recipe Instructions.pdf
12,Blackberry Witbier,Blackberry Witbier All Grain Recipe Instructions.pdf
13,Bourbon Barrel Porter,Bourbon Barrel Porter All Grain Recipe Instructions.pdf
14,British Sunset Golden Ale,British Sunset Golden Ale All Grain Recipe Instructions.pdf
15,SoCo Butler's Irish Red Ale,Butlers Irish Red Ale All Grain Recipe Instructions.pdf
16,Cashmere Blonde Ale,Cashmere Blonde Ale All Grain Recipe Instructions.pdf
17,Chinook IPA,Chinook IPA All Grain Recipe Instructions.pdf
18,Christmas Porter,Christmas Porter All Grain Recipe Instructions.pdf
19,Cluster SMaSH Pale Ale,Cluster SMaSH Pale Ale All Grain Recipe Instructions.pdf
20,Coconut Hefeweizen,Coconut Hefeweizen All Grain Recipe Instructions.pdf
21,Cruisin Canoe IPA,Cruisin Canoe IPA All Grain Recipe Instructions.pdf
22,Dark Chocolate Strawberry Stout,Dark Chocolate Strawberry Stout All Grain Recipe Instructions.pdf
23,Dillo Trolley Pale Ale,Dillo Trolley Pale Ale All Grain Recipe Instructions.pdf
24,Dry Hop Blonde Ale,Dry Hop Blonde Ale All Grain Recipe Instructions.pdf
25,Dunkles Bock,Dunkles Bock All Grain Recipe Instructions.pdf
26,Elani Pale Ale,Elani Pale Ale All Grain Recipe Instructions.pdf
27,English Pale Ale,English Pale Ale All Grain Recipe Instructions.pdf
28,Frayed Aglet IPA,Frayed Aglet IPA All Grain Recipe Instructions.pdf
29,Fruity McCutie Juicy IPA (NEIPA),Fruity McCutie Juicy IPA All Grain Recipe Sheet.pdf
30,SoCo Glaring Grackle Imperial Stout,Glaring Grackle Imperial Stout All Grain Recipe Instructions.pdf
31,Granite Dome Oat Stout,Granite Dome Oat Stout All Grain Recipe Instructions.pdf
33,Imperial Bourbon Barrel Chocolate Stout,Imperial Bourbon Barrel Chocolate Stout All Grain Recipe Instructions.pdf
35,SoCo Jollyville Red Ale,Jollyville Red Ale All Grain Recipe Instructions.pdf
38,Lemondrop Blonde Ale,Lemondrop Blonde Ale All Grain Recipe Instructions.pdf
39,Lofty Loblolly IPA,Lofty Loblolly IPA All Grain Recipe Instructions.pdf
40,Lonely Pier Wheat Ale,Lonely Pier Wheat Ale All Grain Recipe Instructions.pdf
41,Mad Jack's Hoppy Amber Ale,Mad Jacks Hoppy Amber Ale All Grain Recipe Instructions.pdf
42,Mars the Duck Oat Pale Ale,Mars the Duck Oat Pale Ale All Grain Recipe Instructions.pdf
43,Mosaic & Citra Pale Ale,Mosaic & Citra Pale Ale All Grain Recipe Instructions.pdf
45,Nectaron & Elani IPA,Nectaron & Elani IPA All Grain Recipe Instructions.pdf
46,Nectaron IPA,Nectaron IPA All Grain Recipe Instructions.pdf
47,Nectaron Pale Ale,Nectaron Pale Ale All Grain Recipe Instructions.pdf
48,New House English Brown Ale,New House English Brown Ale All Grain Recipe Instructions.pdf
49,New Zealand Blonde Ale,New Zealand Blonde Ale All Grain Recipe Instructions.pdf
50,New Zealand IPA,New Zealand IPA All Grain Recipe Instructions.pdf
51,Oat Dear I Created A Maltster Oat Stout,Oat Dear I Created A Maltster Oat Stout All Grain Recipe Instructions.pdf
53,Oatmeal Pale Ale,Oatmeal Pale Ale All Grain Recipe Instructions.pdf
54,Pacific Coast Juicy IPA (NEIPA),Pacific Coast Juicy IPA All Grain Recipe Instructions.pdf
55,SoCo Plodding Bear Porter,Plodding Bear Porter All Grain Recipe Instructions.pdf
56,Pool Floatie Amber Ale,Pool Floatie Amber Ale All Grain Recipe Instructions.pdf
58,Sabro Pale Ale,Sabro Pale Ale All Grain Recipe Instructions.pdf
66,SoCo Ahoy Wheaty Wheat Ale,SoCo Ahoy Wheaty Wheat Ale All Grain Recipe Instructions.pdf
69,SoCo Amber Hue,SoCo Amber Hue All Grain Recipe Instructions.pdf
70,Soco Amberserk Amber Ale,SoCo Amberserk Amber Ale All Grain Recipe Instructions.pdf
71,SoCo American Amber Ale,SoCo American Amber Ale All Grain Recipe Instructions.pdf
72,SoCo American Barleywine,SoCo American Barleywine All Grain Recipe Instructions.pdf
74,SoCo American Hefeweizen,SoCo American Hefeweizen All Grain Recipe Instructions.pdf
76,SoCo American Rye Ale,SoCo American Rye Ale All Grain Recipe Instructions.pdf
77,SoCo American Strong Ale,SoCo American Strong Ale All Grain Recipe Instructions.pdf
78,SoCo American Wheat,SoCo American Wheat All Grain Recipe Instructions.pdf
80,SoCo Apricot Saison,SoCo Apricot Saison All Grain Recipe Instructions.pdf
81,SoCo Apricot Wheat Ale,SoCo Apricot Wheat Ale All Grain Recipe Instructions.pdf
82,SoCo Australian Sparkling Ale,SoCo Australian Sparkling Ale All Grain Recipe Instructions.pdf
83,SoCo Bat Bridge Black IPA,SoCo Bat Bridge Black IPA All Grain Recipe Instructions.pdf
84,SoCo Bavarian Hefeweizen,SoCo Bavarian Hefeweizen All Grain Recipe Instructions.pdf
87,SoCo Belgian Dubbel,SoCo Belgian Dubbel All Grain Recipe Instructions.pdf
88,SoCo Belgian IPA,SoCo Belgian IPA All Grain Recipe Instructions.pdf
89,SoCo Belgian Pale Ale,SoCo Belgian Pale Ale All Grain Recipe Instructions.pdf
90,SoCo Belgian Saison,SoCo Belgian Saison All Grain Recipe Instructions.pdf
91,SoCo Belgian Stout,SoCo Belgian Stout All Grain Recipe Instructions.pdf
92,SoCo Belgian Tripel,SoCo Belgian Tripel All Grain Recipe Instructions.pdf
95,SoCo Best Bitter,SoCo Best Bitter All Grain Recipe Instructions.pdf
96,SoCo Black IPA,SoCo Black IPA All Grain Recipe Instructions.pdf
97,SoCo Black Licorice Porter,SoCo Black Licorice Porter All Grain Recipe Instructions.pdf
99,SoCo Blackberry Wheat Ale,SoCo Blackberry Wheat Ale All Grain Recipe Instructions.pdf
100,SoCo Blonde,SoCo Blonde All Grain Recipe Instructions.pdf
102,SoCo Blueberry Wheat Ale,SoCo Blueberry Wheat Ale All Grain Recipe Instructions.pdf
103,SoCo Breezy Nights Black Ale,SoCo Breezy Nights Black Ale All Grain Recipe Instructions.pdf
104,SoCo British Golden Ale,SoCo British Golden Ale All Grain Recipe Instructions.pdf
105,SoCo British Strong Ale,SoCo British Strong Ale All Grain Recipe Instructions.pdf
106,SoCo Brown IPA,SoCo Brown IPA All Grain Recipe Instructions.pdf
107,SoCo Brown Porter,SoCo Brown Porter All Grain Recipe Instructions.pdf
109,SoCo Cascadian Dark Ale (Black IPA),SoCo Cascadian Dark Ale All Grain Recipe Instructions.pdf
110,SoCo Centennial IPA,SoCo Centennial IPA All Grain Recipe Instructions.pdf
111,SoCo Chocolate Milk Stout,SoCo Chocolate Milk Stout All Grain Recipe Instructions.pdf
112,SoCo Chocolate Porter,SoCo Chocolate Porter All Grain Recipe Instructions.pdf
113,SoCo Chocolate Stout,SoCo Chocolate Stout All Grain Recipe Instructions.pdf
114,SoCo Christmas IPA,SoCo Christmas IPA All Grain Recipe Instructions.pdf
116,SoCo Citra Blonde Ale,SoCo Citra Blonde Ale All Grain Recipe Instructions.pdf
117,SoCo Citra IPA,SoCo Citra IPA All Grain Recipe Instructions.pdf
119,SoCo Citra Pale Ale,SoCo Citra Pale Ale All Grain Recipe Instructions.pdf
120,SoCo Citra SMaSH IPA,SoCo Citra SMaSH IPA All Grain Recipe Instructions.pdf
122,SoCo Coconut Porter,SoCo Coconut Porter All Grain Recipe Instructions.pdf
123,SoCo Coconut Wheat Ale,SoCo Coconut Wheat Ale All Grain Recipe Instructions.pdf
124,SoCo Columbus IPA,SoCo Columbus IPA All Grain Recipe Instructions.pdf
125,SoCo Dark Mild,SoCo Dark Mild All Grain Recipe Instructions.pdf
127,SoCo Doppelbock,SoCo Doppelbock All Grain Recipe Instructions.pdf
128,SoCo Double Brown Ale,SoCo Double Brown Ale All Grain Recipe Instructions.pdf
129,SoCo Double Chocolate Stout,SoCo Double Chocolate Stout All Grain Recipe Instructions.pdf
130,SoCo Double Wit,SoCo Double Wit All Grain Recipe Instructions.pdf
131,SoCo Dunkelweizen,SoCo Dunkelweizen All Grain Recipe Instructions.pdf
132,SoCo Eclipse Black Blonde Ale,SoCo Eclipse Black Blonde Ale All Grain Recipe Instructions.pdf
133,SoCo Eclipse Black IPA,SoCo Eclipse Black IPA All Grain Recipe Instructions.pdf
134,SoCo English Barleywine,SoCo English Barleywine All Grain Recipe Instructions.pdf
136,SoCo English IPA,SoCo English IPA All Grain Recipe Instructions.pdf
137,SoCo English Porter,SoCo English Porter All Grain Recipe Instructions.pdf
138,SoCo ESB,SoCo ESB All Grain Recipe Instructions.pdf
139,SoCo Falconer's Flight Pale Ale,SoCo Falconers Flight Pale Ale All Grain Recipe Instructions.pdf
140,SoCo Faux Coffee Stout,SoCo Faux Coffee Stout All Grain Recipe Instructions.pdf
142,SoCo Gose,SoCo Gose All Grain Recipe Instructions.pdf
143,SoCo Gose (Kettle Sour),SoCo Gose All Grain Recipe Instructions.pdf
145,SoCo Grapefruit IPA,SoCo Grapefruit IPA All Grain Recipe Instructions.pdf
146,SoCo Grodziskie,SoCo Grodziskie All Grain Recipe Instructions.pdf
147,SoCo Hefeweizen,SoCo Hefeweizen All Grain Recipe Instructions.pdf
148,SoCo Holiday Stout,SoCo Holiday Stout All Grain Recipe Instructions.pdf
149,SoCo Honey Badger Brown,SoCo Honey Badger Brown All Grain Recipe Instructions.pdf
150,SoCo Honey Wheat,SoCo Honey Wheat All Grain Recipe Instructions.pdf
151,SoCo Hoppy Wheat,SoCo Hoppy Wheat All Grain Recipe Instructions.pdf
152,SoCo Imperial Blonde Ale,SoCo Imperial Blonde Ale All Grain Recipe Instructions.pdf
153,SoCo Imperial Irish Red Ale,SoCo Imperial Irish Red Ale All Grain Recipe Instructions.pdf
154,SoCo Imperial Nut Brown Ale,SoCo Imperial Nut Brown Ale All Grain Recipe Instructions.pdf
155,SoCo IPA IPA Double IPA,SoCo IPA IPA Double IPA All Grain Recipe Sheet.pdf
156,SoCo Irish Extra Stout,SoCo Irish Extra Stout All Grain Recipe Instructions.pdf
157,SoCo Irish Red,SoCo Irish Red All Grain Recipe Instructions.pdf
158,SoCo Irish Stout,SoCo Irish Stout All Grain Recipe Instructions.pdf
159,SoCo Island Chicken Pale Ale,SoCo Island Chicken Pale Ale All Grain Recipe Instructions.pdf
161,SoCo Light Blonde Ale,SoCo Light Blonde Ale All Grain Recipe Instructions.pdf
163,SoCo Maddie's English Porter,SoCo Maddies English Porter All Grain Recipe Instructions.pdf
166,SoCo Milk Stout,SoCo Milk Stout All Grain Recipe Instructions.pdf
167,SoCo Milkshake IPA,SoCo Milkshake IPA All Grain Recipe Instructions (1).pdf
168,SoCo Moontower White,SoCo Moontower White All Grain Recipe Instructions.pdf
169,SoCo Mosaic SMaSH IPA,SoCo Mosaic SMaSH IPA All Grain Recipe Instructions.pdf
170,SoCo Mugwort Lemon Gruit,SoCo Mugwort Lemon Gruit All Grain Recipe Instructions.pdf
171,SoCo Mugwort Red Ale,SoCo Mugwort Red Ale All Grain Recipe Instructions.pdf
172,SoCo Nut Brown,SoCo Nut Brown All Grain Recipe Instructions.pdf
173,SoCo Oat Stout,SoCo Oat Stout All Grain Recipe Instructions.pdf
174,Oatmeal Brown Ale,SoCo Oatmeal Brown Ale All Grain Recipe Instructions.pdf
175,SoCo Oktoberfest,SoCo Oktoberfest All Grain Recipe Instructions.pdf
176,SoCo Old Ale,SoCo Old Ale All Grain Recipe Instructions.pdf
177,SoCo Ordinary Bitter,SoCo Ordinary Bitter All Grain Recipe Instructions.pdf
178,SoCo Passion Fruit Saison,SoCo Passion Fruit Saison All Grain Recipe Instructions.pdf
179,SoCo Patersbier,SoCo Patersbier All Grain Recipe Instructions.pdf
180,SoCo Pecan Brown Ale,SoCo Pecan Brown Ale All Grain Recipe Instructions.pdf
181,SoCo Pecan Porter,SoCo Pecan Porter All Grain Recipe Instructions.pdf
182,SoCo Pennybacker Double IPA,SoCo Pennybacker Double IPA All Grain Recipe Instructions.pdf
183,Peppermint Chocolate Milk Stout,SoCo Peppermint Chocolate Milk Stout All Grain Recipe Instructions.pdf
184,SoCo Pink Boots Society Red Ale,SoCo Pink Boots Society Red Ale All Grain Recipe Instructions.pdf
185,SoCo Porter,SoCo Porter All Grain Recipe Instructions.pdf
186,SoCo Raspberry Blonde,SoCo Raspberry Blonde All Grain Recipe Instructions.pdf
187,SoCo Raspberry Wheat Ale,SoCo Raspberry Wheat Ale All Grain Recipe Instructions.pdf
189,SoCo Red Hot Red Ale,SoCo Red Hot Red Ale All Grain Recipe Instructions.pdf
190,SoCo Red IPA,SoCo Red IPA All Grain Recipe Instructions.pdf
191,SoCo Red Ryerson Roggenbier,SoCo Red Ryerson Roggenbier All Grain Recipe Instructions.pdf
192,SoCo Robust Porter,SoCo Robust Porter All Grain Recipe Instructions.pdf
194,SoCo Rye IPA,SoCo Rye IPA All Grain Recipe Instructions.pdf
195,SoCo Rye Lager,SoCo Rye Lager All Grain Recipe Instructions.pdf
197,SoCo Rye Stout,SoCo Rye Stout All Grain Recipe Instructions.pdf
198,SoCo Sabro IPA,SoCo Sabro IPA All Grain Recipe Sheet.pdf
199,SoCo Sasquatch Street Brown Ale,SoCo Sasquatch Street Brown Ale All Grain Recipe Instructions.pdf
200,SoCo Schwarzbier,SoCo Schwarzbier All Grain Recipe Instructions.pdf
201,SoCo Scottish Export,SoCo Scottish Export All Grain Recipe Instructions.pdf
202,SoCo Scottish Heavy,SoCo Scottish Heavy All Grain Recipe Instructions.pdf
203,SoCo Scottish Light,SoCo Scottish Light All Grain Recipe Instructions.pdf
206,SoCo Simcoe IPA,SoCo Simcoe IPA All Grain Recipe Instructions.pdf
207,SoCo Simcoe Pale Ale,SoCo Simcoe Pale Ale All Grain Recipe Instructions.pdf
208,SoCo Simcoe SMaSH IPA,SoCo Simcoe SMaSH IPA All Grain Recipe Instructions.pdf
209,SoCo Smoky Brown Ale,SoCo Smoky Brown Ale All Grain Recipe Instructions.pdf
210,SoCo Smoky Porter,SoCo Smoky Porter All Grain Recipe Instructions.pdf
211,SoCo South Lamar IPA,SoCo South Lamar IPA All Grain Recipe Instructions.pdf
212,SoCo Spiced IPA,SoCo Spiced IPA All Grain Recipe Instructions.pdf
213,SoCo Spiced Porter,SoCo Spiced Porter All Grain Recipe Instructions.pdf
214,SoCo Spiced Stout,SoCo Spiced Stout All Grain Recipe Instructions.pdf
215,Strata Pale Ale,SoCo Strata Pale Ale All Grain Recipe Instructions.pdf
218,SoCo Strong Amber Ale,SoCo Strong Amber Ale All Grain Recipe Instructions.pdf
220,SoCo Strong Scotch Ale (Wee Heavy),SoCo Strong Scotch Ale All Grain Recipe Instructions.pdf
221,SoCo Strong Winter Ale,SoCo Strong Winter Ale All Grain Recipe Instructions.pdf
223,SoCo Texas Amber Ale,SoCo Texas Amber Ale All Grain Recipe Instructions.pdf
224,SoCo Texas Blonde Ale,SoCo Texas Blonde Ale All Grain Recipe Instructions.pdf
225,SoCo Texas Brown Ale,SoCo Texas Brown Ale All Grain Recipe Instructions.pdf
226,Texas Citra IPA,SoCo Texas Citra IPA All Grain Recipe Instructions.pdf
227,SoCo Texas Golden Ale,SoCo Texas Golden Ale All Grain Recipe Instructions.pdf
228,SoCo Texas Hefeweizen,SoCo Texas Hefeweizen All Grain Recipe Instructions.pdf
229,SoCo Texas IPA,SoCo Texas IPA All Grain Recipe Instructions.pdf
230,SoCo Texas Juicy IPA,SoCo Texas Juicy IPA All Grain Recipe Sheet.pdf
231,SoCo Texas Kolsch,SoCo Texas Kolsch All Grain Recipe Instructions.pdf
232,Texas Mosaic IPA,SoCo Texas Mosaic IPA All Grain Recipe Instructions.pdf
233,SoCo Texas Pale Ale,SoCo Texas Pale Ale All Grain Recipe Instructions.pdf
234,SoCo Texas Porter,SoCo Texas Porter All Grain Recipe Instructions.pdf
235,SoCo Texas Red Ale,SoCo Texas Red Ale All Grain Recipe Instructions.pdf
236,SoCo Texas Stout,SoCo Texas Stout All Grain Recipe Instructions.pdf
237,SoCo Texas Strong Ale,SoCo Texas Strong Ale All Grain Recipe Instructions.pdf
239,SoCo Town Lake IPA,SoCo Town Lake IPA All Grain Recipe Instructions.pdf
240,SoCo Tropical Stout,SoCo Tropical Stout All Grain Recipe Instructions.pdf
241,SoCo Vanilla Cream Porter,SoCo Vanilla Cream Porter All Grain Recipe Instructions.pdf
242,SoCo Vic Secret Pale Ale,SoCo Vic Secret Pale Ale All Grain Recipe Instructions.pdf
243,SoCo Vienna Lager,SoCo Vienna Lager All Grain Recipe Instructions.pdf
244,SoCo Vista IPA,SoCo Vista IPA All Grain Recipe Instructions.pdf
245,Wandering Egret Amber Ale,SoCo Wandering Egret Amber Ale All Grain Recipe Instructions.pdf
246,SoCo Warm Winter,SoCo Warm Winter All Grain Recipe Instructions.pdf
248,SoCo West Coast IPA,SoCo West Coast IPA All Grain Recipe Instructions.pdf
249,SoCo West Coast Pale,SoCo West Coast Pale All Grain Recipe Instructions.pdf
250,SoCo Wheatwine,SoCo Wheatwine All Grain Recipe Instructions.pdf
251,SoCo Whiskey Barrel Stout,SoCo Whiskey Barrel Stout All Grain Recipe Instructions.pdf
252,SoCo White Chocolate Blonde Ale,SoCo White Chocolate Blonde Ale All Grain Recipe Instructions.pdf
253,SoCo White Stout,SoCo White Stout All Grain Recipe Instructions.pdf
255,SoCo Witbier (Belgian Wit),SoCo Witbier All Grain Recipe Instructions.pdf
257,SoCo Yodeling Coyote Oktoberfest,SoCo Yodeling Coyote Oktoberfest All Grain Recipe Instructions.pdf
260,South Austin's Best Bitter,South Austins Best Bitter All Grain Recipe Instructions.pdf
261,SoCo Squawking Parrot IPA,Squawking Parrot IPA All Grain Recipe Instructions.pdf
262,Stalwart Bulldog ESB,Stalwart Bulldog ESB All Grain Recipe Instructions.pdf
263,Stein Half Full Oktoberfest,Stein Half Full Oktoberfest All Grain Recipe V2.pdf
264,Strawberry Milk Stout,Strawberry Milk Stout All Grain Recipe Instructions.pdf
266,Superdelic Pale Ale,Superdelic Pale Ale All Grain Recipe Instructions.pdf
267,Talus Pale Ale,Talus Pale Ale All Grain Recipe Instructions.pdf
268,Texas Best Bitter,Texas Best Bitter All Grain Recipe Instructions.pdf
269,SoCo Texas Christmas Red Ale,Texas Christmas Red Ale All Grain Recipe Instructions.pdf
270,Texas Dunkelweizen,Texas Dunkelweizen All Grain Recipe Instructions.pdf
271,Texas Milk Stout,Texas Milk Stout All Grain Recipe Instructions.pdf
272,Texas Oat Stout,Texas Oat Stout All Grain Recipe Instructions.pdf
273,Texas Pilsner,Texas Pilsner All Grain Recipe Instructions.pdf
274,Texas Style Irish Stout,Texas Style Irish Stout All Grain Recipe Instructions.pdf
276,SoCo Tops For The Win Pale Ale,Tops For The Win Pale Ale All Grain Recipe Instructions.pdf
278,Tropical Heavens IPA,Tropical Heavens IPA All Grain Recipe Instructions.pdf
279,SoCo Turtle Pile Golden Ale,Turtle Pile Golden Ale All Grain Recipe Instructions.pdf
280,Two Z's IPA,Two Z's IPA All Grain Recipe Instructions.pdf
282,Wauters's Belgian Dubbel,Wauterss Belgian Dubbel All Grain Recipe Instructions.pdf
283,West Coast Blonde Ale,West Coast Blonde Ale All Grain Recipe Instructions.pdf
284,West Coast Lager,West Coast Lager All Grain Recipe Instructions.pdf
286,Winter Red Ale,Winter Red Ale All Grain Recipe Instructions.pdf
287,You Had Me At Amber Ale,You Had Me At Amber Ale All Grain Recipe Instructions.pdf
288,Zappa IPA,Zappa IPA All Grain Recipe Instructions.pdf
10,Bitter Butler Best Bitter,Bitter Butler All Grain Recipe Instructions.pdf
34,Janet's Brown Ale - AHA Big Brew 2021,Janets Brown Ale All Grain Recipe Instructions.pdf
44,Nearly Nirvana Pale Ale,Nearly Nirvana All Grain Recipe Instructions.pdf
52,Oat of Luck Oat Stout,Oat of Luck All Grain Recipe Instructions.pdf
60,Seaside Ride Triple IPA,Seaside Ride All Grain Recipe Instructions.pdf
61,SoCo 120 Shilling Wee Heavy Ale,SoCo 120 Shilling All Grain Recipe Instructions.pdf
62,SoCo 60 Shilling Scottish Light Ale,SoCo 60 Shilling All Grain Recipe Instructions.pdf
63,SoCo 70 Shilling Scottish Heavy Ale,SoCo 70 Shilling All Grain Recipe Instructions.pdf
64,SoCo 80 Shilling Scottish Export Ale,SoCo 80 Shilling All Grain Recipe Instructions.pdf
65,SoCo 90 Shilling Wee Heavy Ale,SoCo 90 Shilling All Grain Recipe Instructions.pdf
73,SoCo American Brown Ale,SoCo American Brown All Grain Recipe Instructions.pdf
85,SoCo Beach Lounger Amber Ale,SoCo Beach Lounger Amber All Grain Recipe Instructions.pdf
86,SoCo Belgian Dark Strong Ale,SoCo Belgian Dark Strong All Grain Recipe Instructions.pdf
108,SoCo California Common Steam Beer,SoCo California Common All Grain Recipe Instructions.pdf
121,SoCo CitSim Pale Ale,SoCo CitSim All Grain Recipe Instructions.pdf
126,SoCo Dark Wheat Ale,SoCo Dark Wheat All Grain Recipe Instructions.pdf
135,SoCo English Brown Ale,SoCo English Brown All Grain Recipe Instructions.pdf
141,SoCo Flying Kiwi Pale Ale,SoCo Flying Kiwi All Grain Recipe Instructions.pdf
162,SoCo London Brown Ale,SoCo London Brown All Grain Recipe Instructions.pdf
164,SoCo McKinney Falls Pale Ale,SoCo McKinney Falls All Grain Recipe Instructions.pdf
196,SoCo Rye Pale Ale,SoCo Rye Pale All Grain Recipe Instructions.pdf
204,SoCo Serendipitous Citrus Session IPA (SIPA),SoCo Serendipitous Citrus All Grain Recipe Instructions.pdf
217,SoCo Strawberry Wheat Ale,SoCo Strawberry Wheat All Grain Recipe Instructions.pdf
222,SoCo Summer Wheat Ale,SoCo Summer Wheat All Grain Recipe Instructions.pdf
238,SoCo The Hard Way Lager,SoCo The Hard Way All Grain Recipe Instructions.pdf
247,SoCo Watermelon Blonde Ale,SoCo Watermelon Blonde All Grain Recipe Instructions.pdf
258,SoCo Zilker Park Pale Ale,SoCo Zilker Park Pale All Grain Recipe Instructions.pdf
265,Summer Waves Blonde Ale,Summer Waves All Grain Recipe Instructions.pdf
281,Vienna Amber Ale,Vienna Amber All Grain Recipe Instructions.pdf
285,Wheaty's Comet American Wheat Ale,Wheatys Comet All Grain Recipe Instructions.pdf
3,Single Hop Series Amarillo Pale Ale,Amarillo Pale Ale All Grain Recipe Instructions - SHS.pdf
32,Haze Austin! Juicy IPA (NEIPA),Haze Austin Juicy NEIPA All Grain Recipe Sheet.pdf
36,Lake Buchanan Imperial IPA,Lake Buchana IPA All Grain Recipe Sheet.pdf
37,SoCo Lake Travis Double IPA,Lake Travis IPA All Grain Recipe Instructions.pdf
57,Rooftop Sunbathing Juicy IPA (NEIPA),Rooftop Sunbathing NEIPA All Grain Recipe Instructions.pdf
59,Sandy Pup Juicy IPA (NEIPA),SandyPupJuicyIPA_AllGrain.pdf
67,SoCo SIPA Amarillo Armadillo,SoCo Amarillo Armadillo All Grain Recipe Instructions.pdf
68,SoCo Amarillo Single Hop IPA,SoCo Amarillo IPA All Grain Recipe Instructions.pdf
75,SoCo American Red,SoCo American Red Ale All Grain Recipe Instructions.pdf
79,SoCo Homebrew 10th Anniversary IPA,SoCo Anniversary IPA All Grain Recipe Instructions.pdf
93,SoCo Berliner Weisse (Advanced),SoCo Berliner Weisse Advanced All Grain Recipe Sheet.pdf
94,SoCo Berliner Weisse (Easy),SoCo Berliner Weisse Easy All Grain Brewing Instructions.pdf
98,SoCo Blackberry Blonde,SoCo Blackberry Blonde Ale All Grain Recipe Instructions.pdf
101,SoCo Blueberry Blonde,SoCo Blueberry Blonde Ale All Grain Recipe Instructions.pdf
115,SoCo Citra & Amarillo Juicy IPA (NEIPA),SoCo Citra Amarillo NEIPA All Grain Recipe Instructions.pdf
118,SoCo Citra Juicy IPA (NEIPA),SoCo Citra Juicy NEIPA All Grain Recipe Instructions.pdf
144,SoCo Goud Belgian Pale,SoCo Goud Belgian Pale Ale All Grain Recipe Instructions.pdf
160,SoCo Leaky Tent American Stout,SoCo Leaky Tent Stout All Grain Recipe Instructions.pdf
165,Menchacaweizen Hefeweizen,NA
188,SoCo Red American Pale Ale (APA),SoCo Red APA All Grain Recipe Instructions.pdf
193,SoCo English Export Imperial Stout,NA
205,SoCo SimCit IPA,SoCo SimCitIPA All Grain Recipe Instructions.pdf
216,SoCo Strawberry Blonde,SoCo Strawberry Blonde Ale All Grain Recipe Instructions.pdf
219,SoCo American Strong Porter,SoCo Strong American Porter All Grain Recipe Instructions.pdf
254,Whole Lotta Citrus Juicy IPA (NEIPA),SoCo Whole Lotta Citrus NEIPA All Grain Recipe Instructions.pdf
256,SoCo Yellow Bells Juicy IPA (NEIPA),SoCo Yellow Bells Juicy NEIPA All Grain Recipe Instructions.pdf
259,SoCo Fastest IPA In The Galaxy,SoCo-Fastest-IPA-in-the-Galaxy-All-Grain-Recipe.pdf
275,Texas Bigtooth Amber Ale,TexasBigtooth Amber Ale All Grain Recipe Instructions.pdf
277,Tree Bench American Brown Ale,Tree Bench Brown Ale All Grain Recipe Instructions.pdf
